MemberId,FirstName,LastName,Email,Gender,BirthDate,MembershipDate
1,Cristi,Lambe,clambe0@timesonline.co.uk,Female,12/16/1995,02/12/2016
2,Kelbee,Sowten,ksowten1@google.cn,Male,09/30/1969,11/06/2017
3,Opaline,Ianilli,oianilli2@epa.gov,Female,02/21/1980,02/22/2017
4,Agnella,Crowcher,acrowcher3@4shared.com,Female,11/21/1982,12/17/2015
5,Thelma,Wistance,twistance4@usgs.gov,Female,05/07/1978,01/04/2018
6,Russell,Flaxman,rflaxman5@dagondesign.com,Male,11/03/1975,09/10/2017
7,Portia,Berryann,pberryann6@over-blog.com,Female,09/13/1981,09/27/2015
8,Staford,Linfield,slinfield7@intel.com,Male,12/09/1966,05/07/2018
9,Martino,Hiorn,mhiorn8@icq.com,Male,01/10/1965,10/28/2016
10,Ronnie,Attril,rattril9@hc360.com,Female,01/03/1975,06/20/2016
11,Cordie,Shyram,cshyrama@nyu.edu,Female,07/30/1983,10/29/2015
12,Gunther,Spellessy,gspellessyb@histats.com,Male,06/22/1973,12/27/2015
13,Zachary,Readmire,zreadmirec@ehow.com,Male,08/01/1969,07/06/2016
14,Caressa,Chesters,cchestersd@google.com.au,Female,05/24/1990,10/27/2015
15,Francine,McPaik,fmcpaike@lulu.com,Female,04/19/1978,03/13/2018
16,Corinna,Aleavy,caleavyf@shinystat.com,Female,12/15/1976,01/14/2018
17,Clemmy,Bestiman,cbestimang@uiuc.edu,Male,12/16/1969,04/03/2018
18,Evelin,Pirot,epiroth@icio.us,Male,08/21/1984,12/06/2017
19,Westbrook,Rawstorne,wrawstornei@networkadvertising.org,Male,08/07/1966,06/01/2015
20,Neda,Bexon,nbexonj@indiegogo.com,Female,05/23/1980,08/07/2017
21,Amalea,Glabach,aglabachk@abc.net.au,Female,09/08/1993,12/29/2017
22,Elianore,Ianni,eiannil@jugem.jp,Female,12/01/1986,08/17/2017
23,Janaye,Hudson,jhudsonm@sohu.com,Female,09/22/1990,08/23/2015
24,Berti,Graybeal,bgraybealn@nyu.edu,Female,04/20/1960,04/14/2016
25,Beret,Tschirasche,btschirascheo@mozilla.org,Female,05/27/1974,03/18/2017
26,Sauveur,Presman,spresmanp@furl.net,Male,03/02/1975,01/24/2016
27,Bartolomeo,Edis,bedisq@flickr.com,Male,03/09/1964,05/16/2016
28,Rani,Gorner,rgornerr@issuu.com,Female,05/21/1997,01/15/2018
29,Joelle,Larimer,jlarimers@dailymotion.com,Female,09/30/1960,05/31/2016
30,Lanna,Stickells,lstickellst@aboutads.info,Female,04/12/1960,07/02/2016
31,Austina,Blennerhassett,ablennerhassettu@pcworld.com,Female,03/14/1990,08/12/2016
32,Early,LaBastida,elabastidav@wired.com,Male,06/04/1990,06/25/2015
33,Wynne,Lear,wlearw@domainmarket.com,Female,06/11/1979,11/11/2016
34,Shurlock,Anwyl,sanwylx@amazon.co.jp,Male,10/08/1981,05/25/2017
35,Edd,Langthorne,elangthorney@prnewswire.com,Male,02/10/1994,09/01/2017
36,Germaine,Howick,ghowickz@springer.com,Male,04/16/1989,04/17/2018
37,Pren,Jaggi,pjaggi10@discuz.net,Male,11/06/1982,04/24/2018
38,Jacky,Wyatt,jwyatt11@howstuffworks.com,Male,08/03/1964,07/14/2016
39,Anallese,Vockings,avockings12@dailymotion.com,Female,06/02/1996,03/28/2016
40,Harvey,Benitez,hbenitez13@behance.net,Male,07/03/1999,05/30/2016
41,Zita,Gaize,zgaize14@constantcontact.com,Female,01/26/1997,04/09/2016
42,Ranee,Kubista,rkubista15@yelp.com,Female,10/31/1967,06/19/2016
43,Benedetta,Jowers,bjowers16@cbc.ca,Female,04/23/1968,09/15/2016
44,Marcelline,Mattys,mmattys17@state.tx.us,Female,11/22/1994,12/19/2017
45,Spenser,Tomovic,stomovic18@lycos.com,Male,09/05/1993,07/25/2016
46,Dionis,Bellchamber,dbellchamber19@pbs.org,Female,02/15/1985,10/31/2016
47,Eleanora,Hub,ehub1a@walmart.com,Female,08/01/1965,06/20/2017
48,Christopher,Leach,cleach1b@youku.com,Male,03/29/1987,01/01/2018
49,Roana,Leachman,rleachman1c@ameblo.jp,Female,10/28/1975,01/23/2016
50,Annelise,Ruilton,aruilton1d@dion.ne.jp,Female,07/20/1983,01/26/2018
51,Fowler,Vail,fvail1e@parallels.com,Male,08/03/1986,12/27/2017
52,Dunstan,Digan,ddigan1f@sphinn.com,Male,07/01/1965,10/12/2015
53,Katinka,Applegarth,kapplegarth1g@list-manage.com,Female,01/15/1986,09/10/2017
54,Zondra,Webborn,zwebborn1h@comsenz.com,Female,01/30/1985,09/26/2016
55,Weston,Neathway,wneathway1i@irs.gov,Male,03/24/1984,05/30/2018
56,Sascha,Wainman,swainman1j@who.int,Female,03/12/1961,04/24/2016
57,Samuele,Picopp,spicopp1k@bbc.co.uk,Male,01/07/1997,04/25/2016
58,Dania,Muttock,dmuttock1l@ning.com,Female,10/20/1998,11/06/2016
59,Jammie,Simacek,jsimacek1m@usatoday.com,Female,05/02/1971,11/21/2015
60,Rolf,Munehay,rmunehay1n@skype.com,Male,09/20/1993,07/24/2015
61,Seymour,Pitchford,spitchford1o@businessweek.com,Male,12/04/1981,10/04/2016
62,Kellia,Gladdis,kgladdis1p@flickr.com,Female,06/18/1963,11/19/2016
63,Andre,Lohrensen,alohrensen1q@hc360.com,Male,10/19/1980,09/08/2017
64,Jaimie,Partener,jpartener1r@rakuten.co.jp,Male,01/20/1977,02/26/2017
65,Ad,Raoux,araoux1s@meetup.com,Male,12/03/1991,01/11/2018
66,Leonard,Hew,lhew1t@alibaba.com,Male,11/09/1970,01/01/2017
67,Jacquelyn,Tolfrey,jtolfrey1u@trellian.com,Female,04/21/1996,07/10/2015
68,Nicolette,Matthewson,nmatthewson1v@bluehost.com,Female,08/25/1995,08/22/2017
69,Eb,Camilli,ecamilli1w@drupal.org,Male,11/23/1976,11/02/2016
70,Tamera,Springtorpe,tspringtorpe1x@businesswire.com,Female,08/06/1988,12/03/2017
71,Brunhilda,Salvin,bsalvin1y@eepurl.com,Female,09/02/1962,02/20/2018
72,Nico,Dillaway,ndillaway1z@google.cn,Male,02/03/1998,10/17/2017
73,Jenni,Le Brum,jlebrum20@senate.gov,Female,12/01/1979,06/11/2015
74,Annabel,Salack,asalack21@princeton.edu,Female,09/13/1970,05/15/2018
75,Yvonne,Ucchino,yucchino22@statcounter.com,Female,02/10/1969,06/15/2016
76,Auberta,Glew,aglew23@hibu.com,Female,06/02/1997,04/02/2017
77,Jobina,Dacca,jdacca24@nydailynews.com,Female,12/21/1987,05/06/2016
78,Guido,Annell,gannell25@craigslist.org,Male,09/01/1962,06/15/2017
79,Austin,Overstone,aoverstone26@slideshare.net,Female,05/23/1973,07/17/2016
80,Darla,Reeve,dreeve27@ebay.com,Female,05/19/1980,04/17/2018
81,Berkly,Twinbrow,btwinbrow28@lycos.com,Male,11/16/1982,06/11/2017
82,Druci,Bradnam,dbradnam29@columbia.edu,Female,11/27/1994,07/03/2015
83,Emilee,Gould,egould2a@latimes.com,Female,06/20/1968,04/25/2016
84,Idell,Vondrasek,ivondrasek2b@delicious.com,Female,11/17/1982,04/12/2017
85,Cortie,Gwinn,cgwinn2c@flickr.com,Male,06/27/1978,09/11/2017
86,Malinda,Cortnay,mcortnay2d@quantcast.com,Female,11/27/1965,07/08/2016
87,Reginauld,Ahrend,rahrend2e@icq.com,Male,10/08/1972,02/04/2017
88,Ami,Vanyushin,avanyushin2f@yellowbook.com,Female,05/26/1983,03/21/2017
89,Adriano,Kahn,akahn2g@tamu.edu,Male,03/06/1976,10/20/2017
90,Katinka,Donovan,kdonovan2h@arizona.edu,Female,01/17/1970,05/09/2018
91,Colleen,Bracer,cbracer2i@diigo.com,Female,05/16/1982,10/10/2016
92,Arda,Joannet,ajoannet2j@indiatimes.com,Female,06/04/1989,04/27/2016
93,Estelle,Marham,emarham2k@epa.gov,Female,04/16/1980,02/24/2018
94,Merrilee,Rich,mrich2l@theglobeandmail.com,Female,01/08/1973,12/26/2015
95,Samuel,Brundall,sbrundall2m@cloudflare.com,Male,08/18/1993,05/29/2016
96,Val,Pressdee,vpressdee2n@yahoo.com,Male,11/04/1975,08/14/2016
97,Hilde,Bushill,hbushill2o@gravatar.com,Female,06/27/1969,05/21/2018
98,Flo,Segar,fsegar2p@wikimedia.org,Female,10/12/1973,07/15/2015
99,Claudia,Bartol,cbartol2q@aboutads.info,Female,07/06/1984,05/01/2016
100,Sallie,des Remedios,sdesremedios2r@linkedin.com,Female,10/06/1976,09/16/2015
101,Parsifal,Flewin,pflewin2s@posterous.com,Male,09/22/1994,05/26/2018
102,Jobina,Probbin,jprobbin2t@chicagotribune.com,Female,12/05/1997,07/03/2016
103,Sergeant,Velareal,svelareal2u@hexun.com,Male,05/18/1962,09/30/2017
104,Rosalinda,Scambler,rscambler2v@flavors.me,Female,05/08/1967,05/07/2017
105,Storm,Joinsey,sjoinsey2w@cafepress.com,Female,06/06/1972,11/08/2015
106,Phillipp,Myring,pmyring2x@upenn.edu,Male,09/24/1991,03/07/2016
107,Cordula,Bennen,cbennen2y@bigcartel.com,Female,12/13/1985,12/02/2016
108,Jeramey,Betke,jbetke2z@usda.gov,Male,12/04/1983,01/20/2018
109,Trudi,Sirr,tsirr30@vimeo.com,Female,06/19/1974,07/06/2016
110,Blake,Sima,bsima31@opensource.org,Female,09/11/1993,04/17/2017
111,Morly,Huff,mhuff32@amazon.com,Male,07/06/1984,04/01/2017
112,Ansel,Bucke,abucke33@devhub.com,Male,05/17/1978,04/09/2016
